,
,
,
,
,
,
,
,
,
,
,
,
,
,
,
,
,
,
,
,
,
,
,
,
,
,
,
,
,
,
,
,
,
,
,
,
,
,
,
,
,
,
,
,
,
,
,
,
,
,
,
,
,
,
,
,
,
,
,
,
,
,
,
,
,
,
,
,
,
,
,
,
,
,
,
,
,
,
,
,
,
,
,
,
,
,
,
,
,
,
,
,
,
,
,
,
,
,
,
,
,
,
,
,
,
,
,
,
,
,
,
,
,
,
,
,
,
,
,
,
,
,
,
,
,
,
,
,
,
,
,
,
,
,
,
,
,
,
,
,
,
,
,
,
,
,
,
,
,
,
,
,
,
,
,
,
Thomas JUng,,,11:41 PM,9/17/2018
Thomas ,,,11:41 PM,9/17/2018
t,,,11:41 PM,9/17/2018
t,,,11:42 PM,9/17/2018
asdf,,,11:47 PM,9/17/2018
asdfasdf,,,11:52 PM,9/17/2018
Thomas Jung,,,11:52 PM,9/17/2018
,,,11:53 PM,9/17/2018
,,,11:53 PM,9/17/2018
Thomas Jung,777,112757,11:54 PM,9/17/2018
Thomas,,,11:57 PM,9/17/2018
t,,,11:58 PM,9/17/2018
,,,11:58 PM,9/17/2018
asdasdf,asdfa,asdfasd,11:59 PM,9/17/2018
